{
  "processors": [
    {
      "input_block": "minecraft:dark_oak_wood",
      "output_block": "minecraft:stripped_dark_oak_wood",
      "probability": 0.1,
      "processor_type": "repurposed_structures:random_replace_with_properties_processor"
    },
    {
      "rules": [
        {
          "output_state": {
            "Name": "minecraft:air"
          },
          "input_predicate": {
            "block": "cavesandcliffs:chiseled_deepslate",
            "probability": 0.5,
            "predicate_type": "minecraft:random_block_match"
          },
          "location_predicate": {
            "predicate_type": "minecraft:always_true"
          }
        },
        {
          "output_state": {
            "Name": "cavesandcliffs:cracked_deepslate_bricks"
          },
          "input_predicate": {
            "block": "minecraft:redstone_block",
            "probability": 0.6,
            "predicate_type": "minecraft:random_block_match"
          },
          "location_predicate": {
            "predicate_type": "minecraft:always_true"
          }
        },
        {
          "output_state": {
            "Name": "cavesandcliffs:chiseled_deepslate"
          },
          "input_predicate": {
            "block": "minecraft:redstone_block",
            "probability": 0.05,
            "predicate_type": "minecraft:random_block_match"
          },
          "location_predicate": {
            "predicate_type": "minecraft:always_true"
          }
        },
        {
          "output_state": {
            "Name": "cavesandcliffs:deepslate_bricks"
          },
          "input_predicate": {
            "block": "cavesandcliffs:deepslate_redstone_ore",
            "probability": 0.5,
            "predicate_type": "minecraft:random_block_match"
          },
          "location_predicate": {
            "predicate_type": "minecraft:always_true"
          }
        },
        {
          "output_state": {
            "Name": "cavesandcliffs:deepslate_copper_ore"
          },
          "input_predicate": {
            "block": "cavesandcliffs:deepslate_redstone_ore",
            "probability": 0.1,
            "predicate_type": "minecraft:random_block_match"
          },
          "location_predicate": {
            "predicate_type": "minecraft:always_true"
          }
        },
        {
          "output_state": {
            "Properties": {
              "lit": "false"
            },
            "Name": "cavesandcliffs:deepslate_redstone_ore"
          },
          "input_predicate": {
            "block": "cavesandcliffs:deepslate_bricks",
            "probability": 0.008,
            "predicate_type": "minecraft:random_block_match"
          },
          "location_predicate": {
            "predicate_type": "minecraft:always_true"
          }
        },
        {
          "output_state": {
            "Name": "cavesandcliffs:deepslate_copper_ore"
          },
          "input_predicate": {
            "block": "cavesandcliffs:deepslate_bricks",
            "probability": 0.002,
            "predicate_type": "minecraft:random_block_match"
          },
          "location_predicate": {
            "predicate_type": "minecraft:always_true"
          }
        }
      ],
      "processor_type": "minecraft:rule"
    },
    {
      "processor_type": "repurposed_structures:close_off_fluid_sources_processor",
      "ignore_down": true,
      "if_air_in_world": true,
      "weighted_list_of_replacement_blocks": [
        {
          "block" : "cavesandcliffs:deepslate",
          "weight": 1
        }
      ]
    }
  ]
}